{
    "utterances": [
        {
            "text": "Hallo kwest",
            "entities": [
                {
                    "entity": "wake_word_e:wake_word_e",
                    "start": 0,
                    "end": 11,
                    "body": "Hallo kwest",
                    "entities": []
                }
            ],
            "traits": [],
            "intent": "wake_word"
        },
        {
            "text": "Hey quest",
            "entities": [],
            "traits": [],
            "intent": "wake_word"
        },
        {
            "text": "hallo quest",
            "entities": [],
            "traits": [],
            "intent": "wake_word"
        },
        {
            "text": "hoi quest",
            "entities": [
                {
                    "entity": "wake_word_e:wake_word_e",
                    "start": 0,
                    "end": 9,
                    "body": "hoi quest",
                    "entities": []
                }
            ],
            "traits": [],
            "intent": "wake_word"
        }
    ]
}
