{
    "name": "wake_word_e",
    "roles": [
        "wake_word_e"
    ],
    "lookups": [
        "free-text",
        "keywords"
    ],
    "keywords": [
        {
            "keyword": "Hallo kwest",
            "synonyms": [
                "hallo kwest"
            ]
        },
        {
            "keyword": "Hey quest",
            "synonyms": [
                "Hey quest"
            ]
        },
        {
            "keyword": "hallo quest",
            "synonyms": [
                "hallo quest"
            ]
        },
        {
            "keyword": "hoi quest",
            "synonyms": [
                "hoi quest"
            ]
        }
    ]
}
